Job Title,Job Description
"Junior Python Developer","Looking for a junior Python developer with experience in Django and REST APIs."
"Senior Data Scientist","Experienced data scientist needed with expertise in machine learning, Python, and SQL."
"Frontend Engineer","Build responsive web applications using React, JavaScript, and CSS."
"DevOps Engineer","Design CI/CD pipelines and manage cloud infrastructure on AWS."
"Project Manager","Manage software projects using Agile methodologies and Scrum."
"Machine Learning Engineer","Develop and deploy machine learning models with PyTorch and TensorFlow."
"Data Analyst","Analyze datasets, create dashboards, and write SQL queries."
"Backend Developer","Work on backend services in Node.js and Python, REST API development."
"UX Designer","Design user interfaces and conduct usability testing."
"QA Engineer","Write automated tests and perform manual QA for web applications."
